"allele_name","Mutation","stop_codon","G418_treatment","rep1","rep2","rep3","rep4","rep5","rep6","rep7","Average","SD"
"c.178G>T","E60X","UAG","Untreated",0.92,0.89,0.88,1.12,NA,NA,NA,0.9525,0.11295279249905
"c.178G>T","E60X","UAG","G418-treated",1.21,1.55,1.37,1.7,NA,NA,NA,1.4575,0.213131414859471
"c.366T>A","Y122X","UAA","Untreated",0.79,0.68,0.71,0.74,0.7,NA,NA,0.724,0.0427784992724149
"c.366T>A","Y122X","UAA","G418-treated",0.75,0.6,0.61,0.6,0.48,NA,NA,0.608,0.0957601169589929
"c.647G>A","W216X","UAG","Untreated",0.56,0.51,0.54,0.71,0.66,0.64,NA,0.603333333333333,0.0781451640644939
"c.647G>A","W216X","UAG","G418-treated",0.79,0.81,0.85,1,1.03,0.86,NA,0.89,0.100598210719674
"c.1301C>G","S434X","UGA","Untreated",2.84,2.77,2.36,2.17,2.68,NA,NA,2.564,0.286757737471895
"c.1301C>G","S434X","UGA","G418-treated",2.8,2.57,2.36,2.27,3.08,NA,NA,2.616,0.330348301039978
"c.1301C>A","S434X","UAA","Untreated",2.22,2.01,2.16,3.07,2.87,2.69,2.11,2.44714285714286,0.421217057493888
"c.1301C>A","S434X","UAA","G418-treated",1.31,1.36,1.22,1.43,1.34,1.67,1.16,1.35571428571429,0.165010822155916
"c.1477C>T","Q493X","UAG","Untreated",0.73,0.52,0.51,0.53,NA,NA,NA,0.5725,0.105316981853197
"c.1477C>T","Q493X","UAG","G418-treated",0.8,0.61,0.58,0.46,NA,NA,NA,0.6125,0.140801278403287
"c.1624G>T","G542X","UGA","Untreated",0.8,0.8,0.95,0.94,0.92,0.98,NA,0.898333333333333,0.0785917722580848
"c.1624G>T","G542X","UGA","G418-treated",1.41,1.38,1.23,1.2,1.2,1.7,NA,1.35333333333333,0.193045763140937
"c.1648G>T","G550X","UGA","Untreated",0.47,0.5,0.46,0.48,0.44,0.57,NA,0.486666666666667,0.0454606056566195
"c.1648G>T","G550X","UGA","G418-treated",2.42,2.29,1.89,2.55,2.48,2.58,NA,2.36833333333333,0.25607941476555
"c.1657C>T","R553X","UGA","Untreated",0.57,0.48,0.52,0.54,NA,NA,NA,0.5275,0.0377491721763537
"c.1657C>T","R553X","UGA","G418-treated",0.91,0.86,0.98,0.93,NA,NA,NA,0.92,0.0496655480858378
"c.1753G>T","E585X","UAA","Untreated",0.38,0.39,0.3,0.29,0.49,0.47,0.36,0.382857142857143,0.0765319727770221
"c.1753G>T","E585X","UAA","G418-treated",0.46,0.43,0.35,0.36,0.51,0.45,0.37,0.418571428571429,0.0601189297500023
"c.2645G>A","W882X","UAG","Untreated",0.62,0.61,0.42,0.4,0.43,0.41,NA,0.481666666666667,0.103810725200562
"c.2645G>A","W882X","UAG","G418-treated",0.96,1.08,0.83,0.78,0.76,0.79,NA,0.866666666666667,0.12675435561221
"c.3276C>A","Y1092X","UAA","Untreated",1.18,0.95,1.09,1.09,1.02,NA,NA,1.066,0.0861974477580398
"c.3276C>A","Y1092X","UAA","G418-treated",1.11,1.01,1.04,1.07,1.01,NA,NA,1.048,0.0426614580154031
"c.3276C>G","Y1092X","UAG","Untreated",1.14,1.12,0.88,0.78,0.91,0.85,NA,0.946666666666667,0.148548533034381
"c.3276C>G","Y1092X","UAG","G418-treated",1.62,1.57,1.41,1.3,1.51,1.56,NA,1.495,0.119121786420453
"c.3484C>T","R1162X","UGA","Untreated",0.61,0.72,0.56,0.78,0.82,0.67,NA,0.693333333333333,0.0995322393331259
"c.3484C>T","R1162X","UGA","G418-treated",1.18,1.89,1.41,1.37,1.33,1.65,NA,1.47166666666667,0.255375540462799
"c.3846G>A","W1282X","UGA","Untreated",0.16,0.17,0.13,0.18,0.17,0.16,0.17,0.162857142857143,0.0160356745147455
"c.3846G>A","W1282X","UGA","G418-treated",0.3,0.31,0.24,0.38,0.38,0.33,0.32,0.322857142857143,0.0485504156227612
